City_ID,City,Country,Lat,Lng,Max Temp,Humidity,Cloudiness,Wind Speed,Current Description
0,Broome,US,42.2506,-75.833,70.02,28,0,8.05,clear sky
1,Kuryk,KZ,43.2,51.65,68.29,46,6,18.66,clear sky
2,Atuona,PF,-9.8,-139.0333,78.89,77,65,13.65,broken clouds
3,Busselton,AU,-33.65,115.3333,57.2,84,9,2.64,clear sky
4,Bandarbeyla,SO,9.4942,50.8122,84.47,76,64,10.42,broken clouds
5,Pafos,CY,34.7667,32.4167,65.98,82,20,9.22,few clouds
6,Punta Arenas,CL,-53.15,-70.9167,48.11,87,78,5.28,broken clouds
7,Hermanus,ZA,-34.4187,19.2345,61.81,85,0,10.16,clear sky
8,New Norfolk,AU,-42.7826,147.0587,60.3,84,97,1.01,overcast clouds
9,Fortuna,US,40.5982,-124.1573,58.93,77,75,11.5,broken clouds
10,Narsaq,GL,60.9167,-46.05,46.62,69,52,3.31,broken clouds
11,Bluff,NZ,-46.6,168.3333,44.8,90,19,9.44,few clouds
12,Alice Springs,AU,-23.7,133.8833,56.75,67,40,4.61,scattered clouds
13,Fairbanks,US,64.8378,-147.7164,48.22,54,0,10.36,clear sky
14,Mushie,CD,-3.0167,16.9,74.53,92,91,2.68,moderate rain
15,Gat,IL,31.61,34.7642,66.81,100,2,2.17,clear sky
16,Cibitoke,BI,-2.8833,29.25,62.19,96,100,2.39,light rain
17,Kodiak,US,57.79,-152.4072,40.51,81,100,17.27,light rain
18,Vaini,TO,-21.2,-175.2,78.96,94,75,9.22,broken clouds
19,Ushuaia,AR,-54.8,-68.3,46.06,76,75,20.71,broken clouds
20,Carnarvon,AU,-24.8667,113.6333,66.27,72,0,8.05,clear sky
21,Tramore,IE,52.1624,-7.1524,54.63,85,75,2.3,moderate rain
22,Nakamura,JP,32.9833,132.9333,51.39,77,100,5.17,overcast clouds
23,Tiksi,RU,71.6872,128.8694,16.23,90,90,14.97,overcast clouds
24,Manassas,US,38.751,-77.4753,71.58,72,100,9.22,overcast clouds
25,Port Alfred,ZA,-33.5906,26.891,58.17,89,5,8.79,clear sky
26,Sholapur,IN,17.6833,75.9167,91.33,31,32,20.13,scattered clouds
27,Saldanha,ZA,-33.0117,17.9442,64.45,84,0,14.43,clear sky
28,Thompson,CA,55.7435,-97.8558,24.96,86,100,13.8,overcast clouds
29,Yellowknife,CA,62.456,-114.3525,39.72,56,0,11.5,clear sky
30,Marienburg,PL,54.0359,19.0266,51.87,76,100,5.88,overcast clouds
31,Presidencia Roque Saenz Pena,AR,-26.7852,-60.4388,58.93,94,98,5.77,overcast clouds
32,Husavik,IS,66.0449,-17.3389,29.21,73,100,13.56,overcast clouds
33,Peno,RU,56.9262,32.7426,37.87,75,90,3.13,overcast clouds
34,Mar Del Plata,AR,-38.0023,-57.5575,55.87,71,75,13.8,light rain
35,Cape Town,ZA,-33.9258,18.4232,64.11,73,0,11.5,clear sky
36,Kapaa,US,22.0752,-159.319,74.12,84,20,21.85,few clouds
37,Mataura,NZ,-46.1927,168.8643,44.47,98,24,2.73,few clouds
38,Sitka,US,57.0531,-135.33,48.09,61,100,17.27,overcast clouds
39,Cherskiy,RU,68.75,161.3,10.62,92,20,6.78,few clouds
40,Wad Madani,SD,14.4012,33.5199,99.93,11,24,7.72,few clouds
41,Castro,BR,-24.7911,-50.0119,71.56,72,18,6.96,few clouds
42,Honiara,SB,-9.4333,159.95,77.5,86,100,1.03,moderate rain
43,Antofagasta,CL,-23.65,-70.4,70.21,55,18,9.06,few clouds
44,Beringovskiy,RU,63.05,179.3167,12.87,93,96,12.88,overcast clouds
45,Iisaku,EE,59.1014,27.3081,41.56,83,100,2.48,overcast clouds
46,Chokurdakh,RU,70.6333,147.9167,15.89,97,36,8.72,scattered clouds
47,Tuatapere,NZ,-46.1333,167.6833,47.82,93,34,6.22,scattered clouds
48,Eureka,US,40.8021,-124.1637,59.2,75,3,5.01,clear sky
49,Bredasdorp,ZA,-34.5322,20.0403,57.87,92,0,4.97,clear sky
50,Bud,US,39.447,-86.1758,69.22,73,39,15.9,scattered clouds
51,Albany,US,42.6001,-73.9662,65.95,29,20,1.01,few clouds
52,Saskylakh,RU,71.9167,114.0833,10.63,96,71,6.08,broken clouds
53,Paamiut,GL,61.994,-49.6678,34.59,91,91,1.77,overcast clouds
54,Twin Falls,US,42.3505,-114.6445,40.89,100,100,21.85,overcast clouds
55,Luena,AO,-11.7833,19.9167,61.57,60,99,4.36,overcast clouds
56,Mayo,US,38.8876,-76.5119,69.13,66,100,9.22,overcast clouds
57,Hobart,AU,-42.8794,147.3294,60.66,76,90,5.75,overcast clouds
58,Pangnirtung,CA,66.1451,-65.7125,26.6,80,100,2.3,light snow
59,Sudbury,CA,46.49,-80.99,63.57,27,89,5.01,overcast clouds
60,Bethel,US,41.3712,-73.414,71.19,35,0,4.61,clear sky
61,Talnakh,RU,69.4865,88.3972,20.21,92,100,6.69,overcast clouds
62,Stephenville,US,32.2207,-98.2023,79.81,34,75,16.11,broken clouds
63,Chuy,UY,-33.6971,-53.4616,65.26,47,3,10.18,clear sky
64,Severo-Kurilsk,RU,50.6789,156.125,32.83,88,74,10.8,broken clouds
65,Lujan,AR,-34.5703,-59.105,66.81,46,0,4.0,clear sky
66,Coruripe,BR,-10.1256,-36.1756,82.71,62,80,13.04,broken clouds
67,Zverinogolovskoye,RU,54.4586,64.8542,38.57,93,32,4.5,scattered clouds
68,Dilla,ET,6.41,38.31,63.7,94,100,3.49,light rain
69,Yeppoon,AU,-23.1333,150.7333,67.78,91,26,12.21,scattered clouds
70,Moyale,KE,3.5167,39.0584,66.13,91,100,5.23,overcast clouds
71,Zhigansk,RU,66.7697,123.3711,9.14,95,74,11.43,broken clouds
72,Butembo,CD,0.15,29.2833,58.06,97,97,1.92,light rain
73,Saint-Philippe,RE,-21.3585,55.7679,76.59,81,43,2.68,scattered clouds
74,Santa Cruz De Tenerife,ES,28.4682,-16.2546,71.2,58,20,17.27,few clouds
75,Gondar,ET,12.6,37.4667,73.4,23,83,4.18,broken clouds
76,Yerbogachen,RU,61.2767,108.0108,21.06,93,53,3.53,broken clouds
77,Tasiilaq,GL,65.6145,-37.6368,32.16,61,96,10.76,overcast clouds
78,Olafsvik,IS,64.8945,-23.7142,39.24,58,67,16.93,broken clouds
79,Santiago De Cao,PE,-7.9589,-79.2392,66.33,82,100,9.22,overcast clouds
80,Saint George,US,37.1041,-113.5841,78.8,16,0,11.01,clear sky
81,Guiyang,CN,26.5833,106.7167,50.49,93,100,4.47,overcast clouds
82,Tuktoyaktuk,CA,69.4541,-133.0374,32.0,80,0,14.97,clear sky
83,Qaanaaq,GL,77.484,-69.3632,13.23,68,19,3.8,few clouds
84,Talara,PE,-4.5772,-81.2719,79.56,57,0,18.41,clear sky
85,Svetlogorsk,BY,52.6333,29.7333,46.0,85,76,5.35,broken clouds
86,Luderitz,NA,-26.6481,15.1594,68.67,39,0,9.57,clear sky
87,Alyangula,AU,-13.8483,136.4192,69.67,100,50,0.0,scattered clouds
88,Lhokseumawe,ID,5.1801,97.1507,80.26,84,99,1.01,overcast clouds
89,Cidreira,BR,-30.1811,-50.2056,64.4,84,99,8.05,overcast clouds
90,East London,ZA,-33.0153,27.9116,61.74,72,0,8.05,clear sky
91,Rikitea,PF,-23.1203,-134.9692,76.48,72,35,6.15,scattered clouds
92,Klaksvik,FO,62.2266,-6.589,49.12,85,80,13.98,broken clouds
93,Okhtyrka,UA,50.3104,34.8988,45.99,78,55,7.0,broken clouds
94,Xining,CN,36.6167,101.7667,36.77,68,58,3.56,broken clouds
95,Zuhres,UA,48.0114,38.2644,49.26,61,56,9.75,broken clouds
96,Huarmey,PE,-10.0681,-78.1522,71.15,75,24,9.06,few clouds
97,Tvoroyri,FO,61.5556,-6.8111,46.99,88,61,18.34,broken clouds
98,Jamestown,US,42.097,-79.2353,53.71,89,100,14.97,moderate rain
99,Duku,NG,11.2361,4.9073,96.04,28,79,5.12,broken clouds
100,Surt,LY,31.2089,16.5887,67.08,76,0,27.6,clear sky
101,Huilong,CN,31.8111,121.655,56.93,82,100,10.63,overcast clouds
102,Cap Malheureux,MU,-19.9842,57.6142,75.47,81,6,1.99,clear sky
103,Avarua,CK,-21.2078,-159.775,71.65,100,100,1.14,overcast clouds
104,Catamarca,AR,-28.4696,-65.7852,69.78,43,18,1.99,few clouds
105,Kavarna,BG,43.4333,28.3333,51.58,72,6,7.65,clear sky
106,Bambanglipuro,ID,-7.95,110.2833,77.94,89,87,5.1,overcast clouds
107,Baykalovo,RU,57.3981,63.7684,41.68,79,100,10.96,overcast clouds
108,Butaritari,KI,3.0707,172.7902,80.87,79,95,11.86,light rain
109,Arraial Do Cabo,BR,-22.9661,-42.0278,85.96,65,0,16.11,clear sky
110,Bondo,CD,3.8146,23.6866,73.42,87,95,1.32,light rain
111,Chumikan,RU,54.7183,135.315,27.01,99,100,1.21,overcast clouds
112,Kapuskasing,CA,49.4169,-82.4331,62.69,16,75,20.71,broken clouds
113,Kontagora,NG,10.3999,5.4695,91.85,34,55,2.55,broken clouds
114,Brae,GB,60.3964,-1.353,47.62,84,81,10.09,broken clouds
115,Port Elizabeth,ZA,-33.918,25.5701,63.32,86,20,12.66,few clouds
116,Sobolevo,RU,54.4299,31.8996,43.97,73,97,4.03,overcast clouds
117,La Serena,CL,-29.9078,-71.2542,58.51,82,75,12.66,broken clouds
118,Weener,DE,53.1667,7.35,55.63,68,95,5.39,overcast clouds
119,Lashio,MM,22.9333,97.75,65.16,78,2,1.48,clear sky
120,Nioro,GM,13.35,-15.75,103.35,10,34,6.69,scattered clouds
121,Dikson,RU,73.5069,80.5464,9.09,99,64,10.78,broken clouds
122,Porto Santo,PT,33.072,-16.3415,68.38,73,20,13.8,few clouds
123,Tual,ID,-5.6667,132.75,83.19,74,80,8.43,broken clouds
124,Bensonville,LR,6.4461,-10.6125,83.12,75,99,5.57,overcast clouds
125,Oktyabrskiy,RU,54.4815,53.471,35.91,61,56,4.76,broken clouds
126,Muros,ES,42.7762,-9.0603,64.09,57,7,13.98,clear sky
127,Suntar,RU,62.1444,117.6319,24.93,81,100,12.68,overcast clouds
128,San Jorge,AR,-31.8962,-61.8598,71.01,29,0,9.1,clear sky
129,Hofn,IS,64.2539,-15.2082,38.88,86,59,12.84,broken clouds
130,Saint-Joseph,RE,-21.3667,55.6167,75.58,81,25,4.0,scattered clouds
131,Ponta Do Sol,PT,32.6667,-17.1,74.71,66,0,2.77,clear sky
132,Kaitangata,NZ,-46.2817,169.8464,48.43,94,21,4.52,few clouds
133,Kawalu,ID,-7.3817,108.2082,73.04,97,100,0.67,overcast clouds
134,Teluk Nibung,ID,3.001,99.8164,76.82,91,99,3.02,overcast clouds
135,Sao Filipe,CV,14.8961,-24.4956,75.65,70,0,9.37,clear sky
136,Mount Gambier,AU,-37.8333,140.7667,58.91,94,100,9.22,overcast clouds
137,Igarka,RU,67.4667,86.5833,21.38,98,100,3.49,overcast clouds
138,Kavieng,PG,-2.5744,150.7967,81.61,77,9,5.12,clear sky
139,Esperance,AU,-33.8667,121.9,55.24,67,0,4.52,clear sky
140,Khatanga,RU,71.9667,102.5,16.36,94,98,11.36,overcast clouds
141,Bathsheba,BB,13.2167,-59.5167,86.61,70,20,18.41,few clouds
142,Yankton,US,42.8711,-97.3973,46.11,76,100,20.71,overcast clouds
143,Shingu,JP,33.7333,135.9833,48.96,80,100,7.18,overcast clouds
144,Karratha,AU,-20.7377,116.8463,82.02,48,98,9.15,overcast clouds
145,Summerside,CA,46.3959,-63.7876,37.11,93,100,20.71,light rain
146,Kloulklubed,PW,7.0419,134.2556,75.7,80,68,10.29,broken clouds
147,Gold Coast,AU,-28.0,153.4333,66.99,92,40,10.36,scattered clouds
148,Puerto Escondido,MX,15.85,-97.0667,86.83,70,75,9.22,broken clouds
149,Melville,US,40.7934,-73.4151,68.95,43,0,10.36,clear sky
150,Barrow,US,71.2906,-156.7887,21.22,86,100,13.8,overcast clouds
151,Waitara,NZ,-38.925,174.25,63.5,87,73,7.96,broken clouds
152,Praia Da Vitoria,PT,38.7333,-27.0667,66.45,82,75,2.82,broken clouds
153,Mount Isa,AU,-20.7333,139.5,71.37,64,82,10.36,broken clouds
154,Lebu,CL,-37.6167,-73.65,55.06,77,100,15.12,overcast clouds
155,Celestun,MX,20.8667,-90.4,87.55,58,11,8.57,few clouds
156,Dingle,PH,10.9995,122.6711,76.59,84,88,6.11,overcast clouds
157,Urumqi,CN,43.801,87.6005,72.55,12,0,26.84,clear sky
158,Tommot,RU,58.9564,126.2925,30.6,88,100,3.71,overcast clouds
159,Hasaki,JP,35.7333,140.8333,52.29,76,100,20.0,overcast clouds
160,Kavaratti,IN,10.5669,72.642,84.81,71,30,10.83,scattered clouds
161,Mahebourg,MU,-20.4081,57.7,75.49,88,75,3.44,broken clouds
162,Jiuquan,CN,39.7432,98.5174,48.99,19,0,7.14,clear sky
163,Ayagoz,KZ,47.9714,80.4392,62.56,26,88,4.43,overcast clouds
164,Sorland,NO,67.667,12.6934,42.66,92,100,27.72,light rain
165,Sumbe,AO,-11.2061,13.8437,77.9,87,36,6.24,scattered clouds
166,Norman Wells,CA,65.282,-126.8329,44.64,49,40,19.57,scattered clouds
167,Pevek,RU,69.7008,170.3133,-1.66,89,52,5.37,broken clouds
168,Nuuk,GL,64.1835,-51.7216,30.81,55,20,11.5,few clouds
169,San Miguel,SV,13.4833,-88.1833,91.06,62,40,3.44,scattered clouds
170,Pojorata,RO,47.5167,25.45,50.92,85,97,2.13,overcast clouds
171,Mizan Teferi,ET,6.9833,35.5833,62.2,97,97,2.59,light rain
172,Kruisfontein,ZA,-34.0033,24.7314,58.89,92,2,4.12,clear sky
173,Blythe,US,33.6103,-114.5964,86.04,14,0,4.61,clear sky
174,Hilo,US,19.7297,-155.09,74.28,100,100,10.36,mist
175,Ilulissat,GL,69.2167,-51.1,24.82,46,0,4.61,clear sky
176,Pisco,PE,-13.7,-76.2167,69.03,77,0,8.05,clear sky
177,Changqing,CN,36.5575,116.7272,57.97,29,4,2.8,clear sky
178,Cayenne,GF,4.9333,-52.3333,86.04,42,75,13.8,broken clouds
179,San Policarpo,PH,12.1791,125.5072,79.93,83,92,6.46,overcast clouds
180,Nhamunda,BR,-2.1861,-56.7131,85.37,70,23,4.45,few clouds
181,Ewa Beach,US,21.3156,-158.0072,75.15,74,40,8.05,light rain
182,Sioux Lookout,CA,50.1001,-91.917,39.27,93,100,6.91,overcast clouds
183,Kolokani,ML,13.5728,-8.0339,98.78,21,45,10.96,scattered clouds
184,Bambous Virieux,MU,-20.3428,57.7575,75.45,88,75,3.44,broken clouds
185,Leningradskiy,RU,69.3833,178.4167,3.7,81,69,5.95,broken clouds
186,Okhotsk,RU,59.3833,143.3,31.82,90,40,3.22,scattered clouds
187,Nome,US,64.5011,-165.4064,37.47,70,0,19.57,clear sky
188,Maragogi,BR,-9.0122,-35.2225,80.33,81,47,10.83,scattered clouds
189,Krasnokholm,RU,51.5979,54.1567,43.88,54,42,10.29,scattered clouds
190,Invermere,CA,50.5167,-116.0354,50.41,65,100,1.77,overcast clouds
191,Port Macquarie,AU,-31.4333,152.9167,58.89,100,79,0.0,broken clouds
192,Mantua,IT,45.1667,10.7833,63.55,71,59,10.0,moderate rain
193,Souillac,MU,-20.5167,57.5167,75.58,88,75,3.44,broken clouds
194,Buraydah,SA,26.326,43.975,86.45,13,0,12.01,clear sky
195,Northam,GB,51.0333,-4.2167,50.61,94,100,3.85,overcast clouds
196,Pushkar,IN,26.5,74.55,93.27,18,3,18.9,clear sky
197,Bilbor,RO,47.05,25.5167,48.47,84,94,3.06,overcast clouds
198,Werda,BW,-25.2667,23.2833,67.73,33,0,8.95,clear sky
199,Kahului,US,20.8947,-156.47,75.85,83,40,13.8,scattered clouds
200,Rocha,UY,-34.4833,-54.3333,61.48,54,3,13.13,clear sky
201,Hambantota,LK,6.1241,81.1185,81.84,81,100,16.15,overcast clouds
202,Cape Canaveral,US,28.4058,-80.6048,86.07,68,40,10.36,scattered clouds
203,Puerto Ayora,EC,-0.7393,-90.3518,80.56,81,65,8.32,broken clouds
204,Huicungo,PE,-7.2833,-76.8,88.11,48,33,3.69,scattered clouds
205,Constitucion,CL,-35.3333,-72.4167,59.14,58,5,14.2,clear sky
206,San Cristobal,VE,7.7669,-72.225,86.18,53,98,8.1,overcast clouds
207,Jacareacanga,BR,-6.2222,-57.7528,88.18,58,18,4.47,few clouds
208,Ahipara,NZ,-35.1667,173.1667,59.95,88,99,6.69,overcast clouds
209,Vostok,RU,46.4856,135.8833,27.86,88,99,2.71,overcast clouds
210,Lavrentiya,RU,65.5833,-171.0,14.25,88,46,10.27,scattered clouds
211,Nemuro,JP,43.3236,145.575,40.77,95,100,21.18,light rain
212,Agirish,RU,61.9247,63.0231,28.11,94,100,12.71,light snow
213,Auki,SB,-8.7676,160.7034,77.0,90,100,4.61,overcast clouds
214,Faanui,PF,-16.4833,-151.75,80.6,74,22,11.81,few clouds
215,Tres Barras,BR,-26.1064,-50.3222,69.69,87,60,4.68,broken clouds
216,Perbaungan,ID,3.5679,98.956,77.11,89,99,2.84,overcast clouds
217,Parrita,CR,9.5201,-84.3225,84.52,73,99,6.24,overcast clouds
218,Caravelas,BR,-17.7125,-39.2481,82.0,61,0,7.85,clear sky
219,Airai,TL,-8.9266,125.4092,58.75,88,56,3.4,broken clouds
220,Lata,PT,40.1629,-8.3327,60.08,68,24,11.12,few clouds
221,Yuncheng,CN,35.0231,110.9928,55.47,31,0,5.39,clear sky
222,Nouakchott,MR,18.0858,-15.9785,78.73,68,0,13.8,clear sky
223,Lukovetskiy,RU,64.2956,41.9211,25.18,97,60,3.65,broken clouds
224,Ilebo,CD,-4.3167,20.5833,71.74,96,76,0.98,broken clouds
225,Victoria,HK,22.2855,114.1577,65.25,93,100,5.99,light rain
226,Jerome,US,42.7241,-114.5186,43.63,96,100,12.66,light rain
227,Camacha,PT,33.0833,-16.3333,65.62,73,20,13.8,few clouds
228,Te Anau,NZ,-45.4167,167.7167,47.16,92,46,2.21,scattered clouds
229,Khandyga,RU,62.6667,135.6,28.89,93,100,4.94,overcast clouds
230,Longyearbyen,SJ,78.2186,15.6401,15.64,62,75,5.75,broken clouds
231,Greenwood,US,34.1668,-82.1165,82.62,59,75,9.22,broken clouds
232,Kysyl-Syr,RU,63.8986,122.7617,20.98,87,100,14.03,light snow
233,Ipixuna,BR,-1.7625,-48.8043,80.08,87,91,3.02,overcast clouds
234,San Patricio,US,28.017,-97.5169,88.18,57,74,16.8,broken clouds
235,Akhmeta,GE,42.0311,45.2075,61.32,92,100,0.94,overcast clouds
236,Westport,US,41.1415,-73.3579,72.45,38,0,9.22,clear sky
237,Georgetown,MY,5.4112,100.3354,84.13,88,20,2.3,few clouds
238,Yatou,CN,37.15,122.3833,50.7,38,47,6.06,scattered clouds
239,Masaurhi,IN,25.3509,85.0342,82.29,42,8,13.62,clear sky
240,Skibotn,NO,69.3913,20.2679,34.59,94,99,8.16,snow
241,Dhangadhi,NP,28.7079,80.5961,80.58,42,16,4.81,few clouds
242,Vardo,NO,70.3705,31.1107,17.58,86,20,6.91,few clouds
243,Qaqortoq,GL,60.7167,-46.0333,41.32,79,71,6.6,broken clouds
244,Romitan,UZ,39.9343,64.3814,76.95,31,100,25.32,overcast clouds
245,Tura,IN,25.5198,90.2201,69.39,96,53,3.76,broken clouds
246,Sibay,RU,52.7181,58.6658,42.46,71,49,13.27,scattered clouds
247,Ixtapa,MX,20.7,-105.2,92.19,21,74,8.01,broken clouds
248,Zyryanovsk,KZ,49.7386,84.2719,56.25,47,71,3.49,broken clouds
249,Cedar Hill,US,32.5885,-96.9561,83.07,31,0,16.11,clear sky
250,Saint-Augustin,CA,51.226,-58.6502,38.75,82,100,22.73,overcast clouds
251,Bolitoc,PH,15.7395,119.8769,80.49,79,100,4.41,light rain
252,Vaasa,FI,63.096,21.6158,44.29,61,100,12.66,overcast clouds
253,Camana,PE,-16.6228,-72.7111,69.75,71,49,8.95,scattered clouds
254,Elmira,US,42.0898,-76.8077,70.88,29,0,6.91,clear sky
255,Darnah,LY,32.767,22.6367,66.56,66,100,20.89,overcast clouds
256,Albanel,CA,48.8832,-72.4487,57.18,41,15,5.75,few clouds
257,Bilibino,RU,68.0546,166.4372,1.08,93,87,3.15,overcast clouds
258,Port-Gentil,GA,-0.7193,8.7815,84.16,79,40,12.66,scattered clouds
259,Mackay,AU,-21.15,149.2,69.78,94,40,5.75,scattered clouds
260,Sterling,US,39.0062,-77.4286,68.16,82,100,8.05,heavy intensity rain
261,Malazgirt,TR,39.1427,42.5401,51.93,80,99,0.69,overcast clouds
262,Nikolskoye,RU,59.7035,30.7861,44.49,79,50,2.73,scattered clouds
263,Cascais,PT,38.6979,-9.4215,66.47,59,40,24.0,scattered clouds
264,Boa Vista,BR,2.8197,-60.6733,89.58,48,75,12.66,broken clouds
265,Hithadhoo,MV,-0.6,73.0833,85.8,71,67,14.9,heavy intensity rain
266,Dawson Creek,CA,55.7666,-120.2362,40.64,87,100,5.75,overcast clouds
267,Laguna,US,38.421,-121.4238,68.14,55,0,13.8,clear sky
268,Kiunga,PG,-6.1219,141.2906,72.86,96,66,1.41,broken clouds
269,Paungde,MM,18.4833,95.5,88.07,52,6,3.85,clear sky
270,Coihaique,CL,-45.5752,-72.0662,54.21,71,75,0.0,broken clouds
271,Belle Fourche,US,44.6714,-103.8522,55.51,51,100,6.8,overcast clouds
272,San Ignacio,BZ,17.1561,-89.0714,88.25,57,100,6.67,overcast clouds
273,Torbay,CA,47.6666,-52.7314,53.28,71,75,3.44,broken clouds
274,Muskegon,US,43.3,-86.1334,55.94,75,100,13.8,overcast clouds
275,Bengkulu,ID,-3.8004,102.2655,76.44,90,100,3.56,overcast clouds
276,Maarianhamina,AX,60.0973,19.9348,46.26,53,0,5.75,clear sky
277,Lubango,AO,-14.9172,13.4925,65.68,51,88,4.18,overcast clouds
278,Rockhampton,AU,-23.3833,150.5,67.89,83,24,5.75,few clouds
279,Nanortalik,GL,60.1432,-45.2371,37.96,86,100,8.59,overcast clouds
280,Gwadar,PK,25.1216,62.3254,83.26,68,0,18.66,clear sky
281,Qostanay,KZ,53.1667,63.5833,41.29,87,0,6.71,clear sky
282,Birkeland,NO,58.3309,8.2323,54.88,43,0,10.36,clear sky
283,Babstovo,RU,48.1167,132.4833,38.14,72,69,4.52,broken clouds
284,Da Lat,VN,11.9465,108.4419,59.23,97,76,1.14,broken clouds
285,Touros,BR,-5.1989,-35.4608,84.06,70,83,16.53,broken clouds
286,Gaimersheim,DE,48.807,11.368,56.14,62,75,3.44,broken clouds
287,Asau,RO,46.4333,26.4,56.32,61,87,1.41,overcast clouds
288,Gravelbourg,CA,49.8834,-106.5512,55.67,50,100,5.32,overcast clouds
289,Placido De Castro,BR,-10.3353,-67.1856,91.0,45,47,3.89,scattered clouds
290,Dunn,US,44.95,-91.8835,48.76,95,100,10.36,light intensity drizzle
291,Goya,AR,-29.14,-59.2626,64.98,78,100,5.79,overcast clouds
292,Half Moon Bay,US,37.4636,-122.4286,67.59,58,0,3.44,clear sky
293,Haines Junction,CA,60.7522,-137.5108,37.35,65,100,2.3,overcast clouds
294,Ampanihy,MG,-24.7,44.75,67.46,84,18,6.04,few clouds
295,Orlik,RU,52.5178,99.825,40.21,65,60,3.67,broken clouds
296,Tugulym,RU,57.0591,64.6425,46.33,72,95,2.19,light rain
297,Vrangel,RU,42.7297,133.0839,38.97,90,90,5.37,overcast clouds
298,Kushima,JP,31.4583,131.2333,57.31,82,100,6.24,overcast clouds
299,Aketi,CD,2.7388,23.7833,73.42,91,86,1.03,light rain
300,Port Keats,AU,-14.25,129.55,76.64,52,51,6.93,broken clouds
301,Ardesen,TR,41.1911,40.9875,55.78,90,100,4.52,light rain
302,Puli,TW,23.9664,120.9695,63.21,98,100,0.85,overcast clouds
303,Petropavlovsk-Kamchatskiy,RU,53.0452,158.6483,30.79,86,75,0.0,broken clouds
304,Halifax,CA,44.6453,-63.5724,46.4,68,100,9.22,overcast clouds
305,Isangel,VU,-19.55,169.2667,78.96,89,100,4.68,overcast clouds
306,Ribeira Grande,PT,38.5167,-28.7,64.8,82,75,3.44,broken clouds
307,Yenagoa,NG,4.9247,6.2642,82.0,81,98,6.06,light rain
308,Richards Bay,ZA,-28.783,32.0377,63.66,78,0,5.19,clear sky
309,Vila Velha,BR,-20.3297,-40.2925,85.95,62,75,13.8,broken clouds
310,Naze,JP,28.3667,129.4833,63.52,64,100,12.39,overcast clouds
311,Los Llanos De Aridane,ES,28.6585,-17.9182,69.55,74,0,14.97,clear sky
312,Chesma,RU,53.8111,60.6533,44.06,65,100,14.61,overcast clouds
313,Fukue,JP,32.6881,128.8419,60.46,48,100,16.17,overcast clouds
314,Kotri,PK,25.366,68.3122,89.49,39,65,23.89,broken clouds
315,Mirnyy,RU,62.5353,113.9611,26.24,45,96,11.01,overcast clouds
316,Honningsvag,NO,70.9821,25.9704,28.15,80,75,9.22,broken clouds
317,Maniitsoq,GL,65.4167,-52.9,30.02,68,30,10.87,scattered clouds
318,Kodinsk,RU,58.6881,99.1844,28.54,92,100,4.12,overcast clouds
319,Cockburn Town,TC,21.4612,-71.1419,80.56,65,40,19.57,scattered clouds
320,Geraldton,AU,-28.7667,114.6,54.01,82,0,4.61,clear sky
321,Aklavik,CA,68.2191,-135.0107,39.2,65,20,10.36,few clouds
322,Zhireken,RU,52.8249,117.3076,41.92,59,94,4.47,overcast clouds
323,Namibe,AO,-15.1961,12.1522,73.38,74,8,14.14,clear sky
324,Mokhsogollokh,RU,61.4681,128.9203,29.28,86,83,7.36,broken clouds
325,Desaguadero,PE,-16.5656,-69.0417,56.44,46,4,10.16,clear sky
326,Beira,MZ,-19.8436,34.8389,78.89,73,20,9.22,few clouds
327,Joensuu,FI,62.6012,29.7632,43.29,61,0,4.61,light rain
328,Guayanilla,PR,18.0191,-66.7918,84.9,82,100,8.01,light rain
329,Provideniya,RU,64.3833,-173.3,24.48,74,83,11.7,broken clouds
330,Abashiri,JP,44.0213,144.2697,43.95,91,100,19.57,light rain
331,Gudari,IN,19.35,83.7833,80.02,77,49,2.73,scattered clouds
332,Tigre,AR,-34.426,-58.5796,67.05,41,0,6.91,clear sky
333,Grabouw,ZA,-34.1515,19.0151,59.49,86,0,7.45,clear sky
334,Umm Lajj,SA,25.0213,37.2685,79.03,57,0,8.21,clear sky
335,Homer,US,59.6425,-151.5483,42.69,76,100,20.0,overcast clouds
336,Pemangkat,ID,1.1667,108.9667,79.79,85,50,5.73,scattered clouds
337,Yumen,CN,40.2833,97.2,51.4,16,0,7.67,clear sky
338,Port Lincoln,AU,-34.7333,135.8667,58.78,89,0,8.43,clear sky
339,Qasigiannguit,GL,68.8193,-51.1922,25.05,67,4,3.94,clear sky
340,San Isidro,PE,-12.1167,-77.05,65.79,72,40,8.05,scattered clouds
341,Capao Da Canoa,BR,-29.7456,-50.0097,63.72,93,99,8.97,overcast clouds
342,Rajshahi,BD,24.3667,88.6,80.58,58,98,4.16,overcast clouds
343,Jalu,LY,29.0331,21.5482,94.96,12,88,20.62,overcast clouds
344,Asahi,JP,35.7167,140.65,52.18,77,100,14.41,overcast clouds
345,Price,US,39.5994,-110.8107,61.12,17,0,5.75,clear sky
346,Les Cayes,HT,18.2,-73.75,80.51,76,100,10.2,overcast clouds
347,Flin Flon,CA,54.7682,-101.865,31.84,80,100,10.36,mist
348,Rio Gallegos,AR,-51.6226,-69.2181,46.45,57,0,5.75,clear sky
349,Itaituba,BR,-4.2761,-55.9836,87.96,70,40,5.75,scattered clouds
350,Zarinsk,RU,53.7074,84.9493,68.77,28,100,13.91,overcast clouds
351,Liverpool,GB,53.4106,-2.9779,57.29,82,20,4.61,few clouds
352,Flic En Flac,MU,-20.2742,57.3631,75.76,83,12,4.72,few clouds
353,Nago,JP,26.5881,127.9761,64.83,85,100,9.75,overcast clouds
354,Sao Francisco,BR,-15.9486,-44.8644,93.04,23,7,4.07,light rain
355,Oskemen,KZ,49.9565,82.6119,67.96,19,75,6.71,broken clouds
356,Belyy Yar,RU,53.6039,91.3903,51.69,43,0,4.47,clear sky
357,Manokwari,ID,-0.8667,134.0833,77.52,86,99,4.7,light rain
358,Belaya Gora,RU,68.5333,146.4167,9.66,99,82,5.77,broken clouds
359,Adolfo Lopez Mateos,MX,28.4667,-107.3,72.93,7,41,10.87,scattered clouds
360,Alibag,IN,18.6411,72.8792,86.07,78,5,4.47,clear sky
361,Komatsu,JP,36.4026,136.4509,44.73,100,20,2.3,fog
362,Cam Ranh,VN,11.9214,109.1591,78.76,89,20,4.61,few clouds
363,Sorong,ID,-0.8833,131.25,79.59,85,65,6.55,broken clouds
364,Kundiawa,PG,-6.0167,144.9667,62.51,97,81,1.3,broken clouds
365,Goure,NE,13.9835,10.2704,95.27,17,45,6.08,scattered clouds
366,Ulladulla,AU,-35.35,150.4667,52.7,72,12,4.07,few clouds
367,Ust-Maya,RU,60.4167,134.5333,29.62,88,56,7.43,broken clouds
368,Batie,BF,9.8833,-2.9167,95.32,31,91,4.07,overcast clouds
369,Dundalk,US,39.2507,-76.5205,66.38,61,100,9.22,overcast clouds
370,Chynov,CZ,49.4068,14.8112,55.78,83,100,4.81,overcast clouds
371,La Asuncion,VE,11.0333,-63.8628,87.53,58,47,20.71,scattered clouds
372,Sola,VU,-13.8833,167.55,81.63,72,100,4.21,overcast clouds
373,Cabedelo,BR,-6.9811,-34.8339,81.27,73,80,14.72,broken clouds
374,Riyadh,SA,24.6877,46.7219,91.54,12,0,12.3,clear sky
375,Kurchum,KZ,48.5722,83.6542,63.54,20,60,11.14,broken clouds
376,Turukhansk,RU,65.8167,87.9833,30.06,82,100,17.54,overcast clouds
377,Broken Hill,AU,-31.95,141.4333,49.71,81,0,4.61,clear sky
378,Srednekolymsk,RU,67.45,153.6833,28.22,95,100,1.23,overcast clouds
379,Lagoa,PT,39.05,-27.9833,62.56,71,20,1.12,few clouds
380,Oltu,TR,40.5498,42.0013,51.15,90,100,6.49,overcast clouds
381,Namie,JP,37.4833,141.0,46.71,95,69,6.17,broken clouds
382,Shurugwi,ZW,-19.6702,30.0059,54.3,91,84,7.61,broken clouds
383,Charagua,BO,-19.8,-63.2167,63.97,75,99,0.83,overcast clouds
384,Lethem,GY,3.3803,-59.7968,95.13,31,56,12.26,broken clouds
385,Tuy Hoa,VN,13.0833,109.3,77.68,92,99,3.56,overcast clouds
386,Yulara,AU,-25.2406,130.9889,60.64,63,40,8.05,scattered clouds
387,Buala,SB,-8.145,159.5921,79.56,83,100,6.13,light rain
388,Metu,ET,8.3,35.5833,64.27,84,76,3.36,light rain
389,Sabinas,MX,27.85,-101.1167,82.47,64,100,15.68,overcast clouds
390,Portland,US,45.5234,-122.6762,58.44,82,100,4.61,overcast clouds
391,Katsuura,JP,35.1333,140.3,54.36,88,100,15.79,overcast clouds
392,Igrim,RU,63.1906,64.4162,29.89,97,100,6.62,snow
393,Honghu,CN,29.8206,113.4621,57.79,73,100,6.6,overcast clouds
394,Escanaba,US,45.7453,-87.0646,49.51,95,100,10.36,overcast clouds
395,Bubaque,GW,11.2833,-15.8333,78.69,74,7,14.9,clear sky
396,Lorengau,PG,-2.0226,147.2712,81.16,77,9,4.14,clear sky
397,Tromso,NO,69.6496,18.957,35.38,86,75,6.91,broken clouds
398,Guanambi,BR,-14.2233,-42.7814,88.66,30,7,11.18,clear sky
399,San Quintin,MX,30.4833,-115.95,65.05,68,33,11.54,scattered clouds
400,Acolla,PE,-11.7319,-75.5463,62.55,43,33,4.47,scattered clouds
401,Hede,CN,33.7681,120.2517,51.44,67,64,9.19,broken clouds
402,Grindavik,IS,63.8424,-22.4338,42.75,70,0,10.36,clear sky
403,Baijiantan,CN,45.6333,85.1833,71.26,11,49,5.68,scattered clouds
404,Gaoual,GN,11.75,-13.2,94.14,35,64,5.99,broken clouds
405,Vestmannaeyjar,IS,63.4427,-20.2734,49.19,71,0,14.97,clear sky
406,Imaculada,BR,-7.3897,-37.5092,84.99,37,32,9.04,scattered clouds
407,Tarbagatay,RU,51.4803,107.3602,47.73,39,87,4.79,overcast clouds
408,Samarai,PG,-10.6167,150.6667,79.99,81,47,9.86,moderate rain
409,Boyuibe,BO,-20.4167,-63.2833,63.93,87,100,1.01,overcast clouds
410,Cabo San Lucas,MX,22.8909,-109.9124,83.61,60,87,4.0,overcast clouds
411,Shush,IR,32.1942,48.2436,84.88,19,10,13.69,clear sky
412,Hovd,MN,48.0056,91.6419,57.33,18,99,8.12,overcast clouds
413,Ponta Delgada,PT,37.7333,-25.6667,66.92,68,75,4.61,broken clouds
414,Semnan,IR,35.5729,53.3971,66.04,52,20,2.3,thunderstorm
415,Pali,IN,25.7667,73.3333,95.27,20,2,18.41,clear sky
416,Pires Do Rio,BR,-17.2997,-48.2794,86.36,26,0,1.61,clear sky
417,Fort Nelson,CA,58.8053,-122.7002,42.39,61,0,5.75,clear sky
418,Aleksandrov Gay,RU,50.147,48.5704,46.17,47,16,11.63,few clouds
419,Kalmunai,LK,7.4167,81.8167,81.73,80,100,5.61,overcast clouds
420,Peringat,MY,6.0333,102.2833,76.98,94,20,2.3,light rain
421,Lourdes,FR,43.1,-0.05,62.08,63,75,8.05,broken clouds
422,Puerto Narino,CO,-3.7703,-70.3831,81.37,86,61,2.08,broken clouds
423,Luanda,AO,-8.8368,13.2343,80.6,83,20,10.36,few clouds
424,Jiblah,YE,13.9216,44.1467,65.7,69,83,1.39,light rain
425,Starobaltachevo,RU,56.0013,55.9213,33.76,65,70,6.64,broken clouds
426,Wanlaweyn,SO,2.6185,44.8938,80.76,78,100,10.09,overcast clouds
427,Teguise,ES,29.0605,-13.564,70.02,56,20,23.02,few clouds
428,Barcelos,PT,41.5388,-8.6151,61.84,73,15,11.72,few clouds
429,Chernyshevskiy,RU,63.0128,112.4714,6.96,96,44,3.94,scattered clouds
430,Wajima,JP,37.4,136.9,50.23,72,1,5.68,clear sky
431,Vao,NC,-22.6667,167.4833,75.49,85,41,21.27,scattered clouds
432,Rawa Mazowiecka,PL,51.7644,20.2549,57.02,51,18,1.92,few clouds
433,Sandakan,MY,5.8402,118.1179,80.28,94,20,3.44,few clouds
434,Mana,GF,5.6592,-53.7767,83.19,66,62,11.83,broken clouds
435,Grimshaw,CA,56.1834,-117.6027,38.82,87,100,8.05,moderate rain
436,Ploemeur,FR,47.7333,-3.4333,60.85,64,0,6.91,clear sky
437,Podgornoye,RU,51.735,39.1496,41.22,45,0,0.0,clear sky
438,Luganville,VU,-15.5333,167.1667,77.95,85,100,0.51,light rain
439,Clyde River,CA,70.4692,-68.5914,14.23,85,100,13.8,light snow
440,Lulea,SE,65.5842,22.1547,35.67,75,0,5.75,clear sky
441,Copiapo,CL,-27.3667,-70.3333,58.69,29,51,5.44,broken clouds
442,Adre,TD,13.4667,22.2,90.9,9,93,5.99,overcast clouds
443,Solnechnyy,RU,50.7214,136.6319,28.31,96,91,4.09,overcast clouds
444,Margate,GB,51.3813,1.3862,54.7,75,100,1.99,overcast clouds
445,Buchanan,LR,5.8808,-10.0467,82.8,77,97,6.35,light rain
446,Poselki,RU,53.1324,46.5031,36.93,61,18,1.92,few clouds
447,Quatre Cocos,MU,-20.2078,57.7625,75.31,84,19,6.24,few clouds
448,Ancud,CL,-41.8697,-73.8203,55.36,77,51,7.18,broken clouds
449,Techiman,GH,7.5862,-1.9414,88.43,43,88,5.35,overcast clouds
450,Ukiah,US,39.1502,-123.2078,68.38,54,0,8.05,clear sky
451,Nouadhibou,MR,20.931,-17.0347,71.58,73,0,21.85,dust
452,Minbu,MM,20.1833,94.8833,86.7,59,36,4.54,scattered clouds
453,Nileshwar,IN,12.25,75.1,79.16,76,96,4.36,overcast clouds
454,Uruzgan,AF,32.8333,66.0,74.08,25,99,6.02,overcast clouds
455,Las Vegas,US,36.175,-115.1372,80.24,18,0,25.32,clear sky
456,Jutai,BR,-5.1833,-68.9,84.83,69,63,1.63,broken clouds
457,Coahuayana,MX,18.7333,-103.6833,90.54,27,97,7.78,overcast clouds
458,Monte Patria,CL,-30.6919,-70.9467,75.42,25,0,7.52,clear sky
459,Santiago,CL,-33.4569,-70.6483,75.29,38,0,4.61,clear sky
460,Kasongo,CD,-4.45,26.6667,69.48,97,100,2.55,overcast clouds
461,Qandala,SO,11.472,49.8728,86.92,69,35,3.62,scattered clouds
462,Joshimath,IN,30.5667,79.5667,59.76,56,40,6.87,scattered clouds
463,Tecoanapa,MX,16.5167,-98.75,86.72,51,57,10.54,broken clouds
464,Kungurtug,RU,50.5994,97.5228,43.18,53,34,2.86,scattered clouds
465,Calvinia,ZA,-31.4707,19.776,64.02,25,0,3.27,clear sky
466,Verkhnyaya Toyma,RU,62.2349,44.9985,31.51,85,100,4.27,overcast clouds
467,Roma,US,43.2128,-75.4557,69.08,26,0,13.8,clear sky
468,Poum,NC,-20.2333,164.0167,77.29,80,4,4.61,clear sky
469,Matara,LK,5.9485,80.5353,79.16,90,100,10.33,light rain
470,Emerald,AU,-23.5333,148.1667,66.34,82,40,8.05,scattered clouds
471,Kutum,SD,14.2,24.6667,86.02,8,71,8.7,broken clouds
472,Spanish Fork,US,40.115,-111.6549,59.0,52,100,18.41,overcast clouds
473,Fare,PF,-16.7,-151.0167,80.73,73,25,11.27,scattered clouds
474,Paracuru,BR,-3.41,-39.0306,85.1,70,39,12.93,scattered clouds
475,Bone,DE,51.9669,12.1396,58.28,52,84,6.17,broken clouds
476,Iqaluit,CA,63.7506,-68.5145,26.33,73,75,5.75,broken clouds
477,Basco,PH,20.4487,121.9702,78.85,81,100,21.43,overcast clouds
478,Pryozerne,UA,45.2698,36.3303,53.06,85,81,9.15,broken clouds
479,Yuzhne,UA,46.6221,31.1013,54.45,61,62,2.15,broken clouds
480,Mercedes,AR,-34.6515,-59.4307,67.86,41,0,7.2,clear sky
481,Kijang,KR,35.2442,129.2139,47.93,46,3,7.36,clear sky
482,Chaumont,FR,48.1167,5.1333,53.19,77,90,5.48,overcast clouds
483,Tacuati,PY,-23.45,-56.5833,88.95,41,16,3.4,few clouds
484,Dukat,RU,62.55,155.55,16.68,99,51,6.38,broken clouds
485,Antalaha,MG,-14.9003,50.2788,76.12,89,23,5.23,few clouds
486,North Bend,US,43.4065,-124.2243,59.23,86,0,3.44,clear sky
487,Bastrop,US,32.7562,-91.8724,78.71,67,9,1.01,clear sky
488,Nenjiang,CN,49.1833,125.2167,38.44,61,40,4.41,scattered clouds
489,Serebryanyy Bor,RU,56.8,124.8,27.7,86,100,6.06,snow
490,Coquimbo,CL,-29.9533,-71.3436,58.73,82,75,12.66,broken clouds
491,Evensk,RU,61.95,159.2333,19.49,84,31,5.68,scattered clouds
492,Bandrele,YT,-12.9067,45.1914,82.15,78,100,19.57,overcast clouds
493,Sao Joao Da Barra,BR,-21.6403,-41.0511,86.09,68,3,12.88,clear sky
494,Oriximina,BR,-1.7656,-55.8661,85.19,68,39,2.57,scattered clouds
495,Susanville,US,40.4163,-120.653,51.8,47,0,8.05,clear sky
496,Zykovo,RU,55.9519,93.1461,36.34,72,100,7.23,overcast clouds
497,Anadyr,RU,64.75,177.4833,14.5,85,0,11.18,clear sky
498,Ornskoldsvik,SE,63.2909,18.7153,49.15,57,20,11.5,few clouds
499,Kupang,ID,-10.1667,123.5833,77.94,86,95,7.49,overcast clouds
500,Kenai,US,60.5544,-151.2583,48.02,58,0,18.41,clear sky
501,Singapore,SG,1.2897,103.8501,80.55,91,75,2.3,broken clouds
502,Vanimo,PG,-2.6741,141.3028,77.92,88,78,6.24,moderate rain
503,Sevierville,US,35.8681,-83.5618,74.7,77,0,0.0,clear sky
504,Saint-Georges,GD,12.0564,-61.7485,85.68,70,40,24.16,scattered clouds
505,Lingao,CN,19.9103,109.6859,66.94,93,100,16.37,overcast clouds
506,Pokhara,NP,28.2333,83.9833,67.19,67,100,4.74,overcast clouds
507,Deputatskiy,RU,69.3,139.9,18.1,82,86,4.43,overcast clouds
508,Iskateley,RU,67.6803,53.1512,15.6,93,95,9.26,overcast clouds
509,West Bay,KY,19.3667,-81.4167,86.07,74,40,12.66,scattered clouds
510,Jonesboro,US,35.8423,-90.7043,75.79,49,0,11.5,clear sky
511,Amazar,RU,53.858,120.875,41.92,54,91,3.06,overcast clouds
512,San Jose,US,37.3394,-121.895,67.59,50,20,5.01,few clouds
513,Mayskiy,RU,47.6931,40.1025,53.01,49,100,12.37,overcast clouds
514,Methoni,GR,36.8197,21.7049,66.22,79,100,8.1,overcast clouds
515,Ulkan,RU,57.243,107.3223,34.29,94,100,4.18,overcast clouds
516,Ouesso,CG,1.6136,16.0517,79.93,62,83,3.06,broken clouds
517,Krasnyy Chikoy,RU,50.3643,108.7512,47.25,60,76,3.98,broken clouds
518,Sao Jose Da Coroa Grande,BR,-8.8978,-35.1478,81.21,76,38,11.03,scattered clouds
519,Araouane,ML,18.9048,-3.5265,93.15,10,53,9.71,broken clouds
520,Benalla,AU,-36.55,145.9833,51.55,78,92,3.22,overcast clouds
521,Healdsburg,US,38.6105,-122.8692,72.99,47,0,4.61,clear sky
522,Hami,CN,42.8,93.45,63.99,11,5,6.93,clear sky
523,Santa Isabel,BR,-23.3156,-46.2214,83.5,49,71,8.12,broken clouds
524,Sakakah,SA,29.9697,40.2064,81.97,22,0,11.14,clear sky
525,Codrington,AU,-38.2667,141.9667,57.24,87,71,8.99,broken clouds
526,Belmonte,BR,-15.8631,-38.8828,81.55,62,8,6.82,clear sky
527,Saskatoon,CA,52.1168,-106.6345,49.15,53,75,12.66,broken clouds
528,Mbour,SN,14.422,-16.9638,83.25,48,28,18.9,scattered clouds
529,Abbeville,FR,50.1,1.8333,56.25,83,100,6.29,overcast clouds
530,Padang,ID,-0.9492,100.3543,75.25,88,100,2.24,overcast clouds
531,Villazon,BO,-22.0866,-65.5942,68.54,10,0,9.95,clear sky
532,Kokopo,PG,-4.352,152.2633,76.96,83,58,4.07,broken clouds
533,Guiglo,CI,6.5456,-7.4966,88.07,50,62,4.0,broken clouds
534,La Ronge,CA,55.1001,-105.2842,32.25,69,100,6.91,overcast clouds
535,Soe,ID,-9.8607,124.284,66.18,94,80,3.44,broken clouds
536,Rognan,NO,67.0953,15.3878,42.94,91,100,8.34,light rain
537,Yartsevo,RU,55.0667,32.6964,42.22,69,84,3.33,broken clouds
538,Ingham,US,42.6,-84.3833,63.84,64,100,11.5,overcast clouds
539,Zhongxing,CN,33.7039,118.6792,54.37,63,49,10.92,scattered clouds
540,Shaoguan,CN,24.8,113.5833,57.9,96,100,1.9,overcast clouds
541,Dunedin,NZ,-45.8742,170.5036,55.8,92,24,4.03,few clouds
542,Sarny,UA,51.338,26.6019,50.23,72,81,6.4,broken clouds
543,Vila Franca Do Campo,PT,37.7167,-25.4333,66.61,71,22,2.48,few clouds
544,Ahuimanu,US,21.4447,-157.8378,75.36,79,75,17.27,broken clouds
545,Mogadishu,SO,2.0371,45.3438,83.82,76,100,14.43,overcast clouds
546,Banyo,CM,6.75,11.8167,69.64,90,97,4.09,moderate rain
547,Palu,ID,-0.8917,119.8707,76.19,94,56,2.91,broken clouds
548,Linguere,SN,15.3953,-15.1193,105.26,7,9,8.75,clear sky
549,Hamilton,US,39.1834,-84.5333,75.83,39,0,17.27,clear sky
550,Tilichiki,RU,60.4667,166.1,10.53,96,45,7.4,scattered clouds
551,Mandalgovi,MN,45.7625,106.2708,51.71,25,25,3.8,scattered clouds
552,Labrea,BR,-7.2586,-64.7981,92.19,47,53,2.71,broken clouds
553,Mahendragarh,IN,28.2833,76.15,90.68,21,57,9.53,broken clouds
554,Vargashi,RU,55.3556,65.8467,37.99,95,30,5.08,scattered clouds
555,Bella Vista,US,36.4295,-94.2316,72.34,39,0,4.61,clear sky
556,Yanji,CN,42.9075,129.5078,35.33,75,55,3.15,broken clouds
557,Carbonia,IT,39.1672,8.5222,68.95,74,76,9.66,broken clouds
558,Alamos,MX,27.0167,-108.9333,87.46,13,31,9.26,scattered clouds
559,Kolno,PL,53.4115,21.9291,48.0,85,99,7.45,light rain
560,Mirabela,BR,-16.2628,-44.1644,87.12,27,11,3.49,few clouds
561,Grootfontein,NA,-19.5667,18.1167,67.57,49,27,4.61,scattered clouds
562,Jimenez,MX,28.3333,-105.4,87.01,19,99,7.96,overcast clouds
563,Garoua Boulai,CM,5.8833,14.55,66.36,93,99,3.33,moderate rain
564,Aquidauana,BR,-20.4711,-55.7872,95.23,23,6,6.76,clear sky
565,Santa Catarina De Tepehuanes,MX,25.35,-105.7333,80.89,6,70,10.4,broken clouds
566,Billings,US,45.7833,-108.5007,54.28,55,100,15.01,overcast clouds
567,Itabira,BR,-19.6192,-43.2269,79.18,45,15,5.84,few clouds
568,Muroto,JP,33.2833,134.15,59.31,66,100,3.04,overcast clouds
569,Mbandaka,CD,0.0487,18.2603,78.37,73,97,2.8,overcast clouds
570,Ojinaga,MX,29.5667,-104.4167,90.57,45,0,8.05,clear sky
571,Lakes Entrance,AU,-37.8811,147.981,51.17,78,38,7.67,scattered clouds
572,Nakodar,IN,31.1258,75.4733,88.43,17,2,6.26,clear sky
573,Pingliang,CN,35.5392,106.6861,48.22,24,25,7.52,scattered clouds
574,Bekwai,GH,6.4534,-1.5774,84.38,62,54,2.01,broken clouds
575,College,US,64.8569,-147.8028,50.07,51,0,8.05,clear sky
576,Rolla,US,37.9514,-91.7713,68.14,38,1,8.99,clear sky
577,Viedma,AR,-40.8135,-62.9967,57.06,48,96,4.63,overcast clouds
578,Marawi,PH,7.9986,124.2928,69.55,95,94,0.69,overcast clouds
579,Vodnyy,RU,63.5046,53.4095,26.62,85,75,4.56,broken clouds
580,Cap-Aux-Meules,CA,47.3821,-61.8597,35.65,93,100,23.02,light intensity drizzle
581,Inuvik,CA,68.3499,-133.7218,43.66,54,0,8.05,clear sky
582,Otradnoye,RU,59.7775,30.8181,44.87,78,41,2.77,scattered clouds
583,Boyolangu,ID,-8.1181,111.8935,76.96,91,87,1.25,overcast clouds
584,Nalut,LY,30.3333,10.85,63.75,47,81,16.22,broken clouds
585,Kollam,IN,8.8833,76.6,79.02,86,99,19.15,overcast clouds
586,Skjervoy,NO,70.0311,20.9714,37.4,63,100,10.38,overcast clouds
587,Eyl,SO,7.9803,49.8164,84.96,74,97,11.61,overcast clouds
588,Porto Novo,BJ,6.4965,2.6036,85.82,74,95,9.4,overcast clouds
589,Bryan,US,30.6744,-96.37,84.47,68,75,9.22,broken clouds
590,Beipiao,CN,41.7919,120.7792,43.18,24,3,2.1,clear sky
591,Hare Bay,CA,48.8499,-54.0148,36.75,93,100,5.35,overcast clouds
592,Lanzhou,CN,36.0564,103.7922,49.91,50,28,3.98,scattered clouds
593,Balkhash,KZ,46.844,74.9804,66.87,48,99,0.92,overcast clouds
594,Cozumel,MX,20.5083,-86.9458,86.95,70,5,8.01,clear sky
595,Assinovskaya,RU,43.24,45.18,57.65,86,100,5.23,overcast clouds
596,Epinal,FR,48.1833,6.45,61.56,77,97,6.51,overcast clouds
597,Pimenta Bueno,BR,-11.6725,-61.1936,85.93,64,79,2.91,broken clouds
598,Merritt Island,US,28.5392,-80.672,85.17,64,40,10.36,scattered clouds
599,Genhe,CN,50.7833,121.5167,31.82,51,88,3.76,overcast clouds
600,Benin,BJ,9.5,2.25,87.55,48,33,5.77,light rain
601,Puerto Santander,CO,8.3636,-72.4063,96.21,45,71,4.72,broken clouds
602,Itoman,JP,26.1247,127.6694,68.02,77,100,17.27,light rain
603,Aswan,EG,24.0934,32.907,97.9,5,0,10.36,clear sky
604,Thinadhoo,MV,0.5333,72.9333,86.13,71,81,15.3,broken clouds
605,Bilma,NE,18.6853,12.9164,100.62,11,63,5.68,broken clouds
606,Isla Mujeres,MX,21.2311,-86.731,86.16,66,3,11.65,clear sky
607,Doha,QA,25.2867,51.5333,82.38,61,0,10.36,clear sky
608,Dillon,US,34.4166,-79.3712,85.95,38,43,9.66,scattered clouds
609,Fort-Shevchenko,KZ,44.5086,50.263,60.44,65,3,17.74,clear sky
610,Itarema,BR,-2.9248,-39.9167,84.76,70,87,12.93,overcast clouds
611,High Level,CA,58.5169,-117.136,41.11,70,75,6.91,broken clouds
612,Central Point,US,42.376,-122.9164,58.42,68,20,3.0,few clouds
613,Filadelfia,US,39.9523,-75.1638,74.21,29,82,5.01,broken clouds
614,Ferme-Neuve,CA,46.7001,-75.4493,62.94,34,54,6.4,broken clouds
615,Mae Hong Son,TH,19.3003,97.9685,77.0,73,70,0.63,broken clouds
616,Wanning,CN,18.8003,110.3967,70.95,93,100,14.27,overcast clouds
617,Natal,BR,-5.795,-35.2094,86.22,70,40,17.27,scattered clouds
618,Port Blair,IN,11.6667,92.75,80.64,89,20,2.3,mist
619,Saint Anthony,US,45.0205,-93.218,47.93,88,100,8.01,overcast clouds
620,Yar-Sale,RU,66.8333,70.8333,12.0,91,42,6.55,scattered clouds
621,Kotelnich,RU,58.3089,48.348,37.13,77,100,4.56,overcast clouds
622,Kushiro,JP,42.975,144.3747,42.49,94,100,20.65,moderate rain
623,Batagay-Alyta,RU,67.8006,130.4114,9.43,88,63,6.51,broken clouds
624,Chapais,CA,49.7834,-74.8492,51.58,64,28,6.64,scattered clouds
625,Gizo,SB,-8.103,156.8419,81.77,75,98,5.48,overcast clouds
626,Vallenar,CL,-28.5708,-70.7581,79.23,21,33,5.19,scattered clouds
627,Nishihara,JP,26.1842,127.7558,67.28,78,100,17.27,light rain
628,Sinop,TR,41.7711,34.8709,46.15,96,90,3.29,overcast clouds
629,Farmington,US,36.7281,-108.2187,73.78,11,2,13.0,clear sky
630,Kiama,AU,-34.6833,150.8667,55.38,91,10,4.32,clear sky
631,Sinnamary,GF,5.3833,-52.95,82.67,69,58,12.46,broken clouds
632,Mehamn,NO,71.0357,27.8492,24.04,74,82,5.95,broken clouds
633,Upernavik,GL,72.7868,-56.1549,12.58,71,94,5.57,overcast clouds
634,Zamania,IN,25.4333,83.5667,89.67,39,1,11.59,clear sky
635,Makakilo City,US,21.3469,-158.0858,75.52,73,75,13.8,broken clouds
636,Porto Recanati,IT,43.4365,13.6613,61.02,50,99,4.7,overcast clouds
637,Conchas,BR,-23.0153,-48.0106,83.84,46,47,7.61,scattered clouds
638,Gra Liyia,GR,35.0167,25.6833,68.13,51,100,5.99,overcast clouds
639,Marrakesh,MA,31.6315,-8.0083,86.07,21,20,12.66,few clouds
640,Vesoul,FR,47.5833,5.8333,63.41,80,87,6.82,overcast clouds
641,Barra,BR,-11.0894,-43.1417,88.75,33,51,5.77,broken clouds
642,Loa Janan,ID,-0.583,117.095,73.76,94,82,0.85,broken clouds
643,Tingo Maria,PE,-9.2895,-76.0088,86.92,51,34,2.75,scattered clouds
644,Arlit,NE,18.7369,7.3853,95.05,9,14,10.89,few clouds
645,Korla,CN,41.7597,86.1469,62.74,25,69,5.88,broken clouds
646,Ovalle,CL,-30.5983,-71.2003,74.84,30,0,6.46,clear sky
647,Nantucket,US,41.2835,-70.0995,54.14,76,0,7.49,clear sky
648,Henties Bay,NA,-22.116,14.2845,62.15,76,3,5.53,clear sky
649,Goderich,CA,43.7501,-81.7165,53.92,82,100,17.27,overcast clouds
650,Charters Towers,AU,-20.1,146.2667,67.03,88,56,5.01,broken clouds
651,Necochea,AR,-38.5473,-58.7368,53.19,65,93,12.17,overcast clouds
652,Loudeac,FR,48.1783,-2.7543,55.67,80,99,7.38,overcast clouds
653,Saint-Francois,FR,46.4154,3.9054,63.84,42,0,5.75,clear sky
654,Kyzyl-Suu,KG,42.3414,78.0056,54.25,44,78,10.51,broken clouds
655,Nicolas Bravo,MX,18.45,-88.9167,88.63,52,49,5.59,scattered clouds
656,Palembang,ID,-2.9167,104.7458,82.49,83,40,4.61,scattered clouds
657,Xuddur,SO,4.1213,43.8894,75.29,73,98,4.99,overcast clouds
658,Dudinka,RU,69.4058,86.1778,20.62,94,100,11.01,overcast clouds
659,Blairmore,CA,49.6,-114.4353,47.32,87,100,4.61,overcast clouds
660,Awbari,LY,26.5921,12.7805,77.07,24,1,18.75,clear sky
661,Birao,CF,10.2849,22.7882,91.8,10,78,4.94,broken clouds
662,Anchorage,US,61.2181,-149.9003,50.65,65,0,9.22,clear sky
663,Matay,EG,28.419,30.7792,82.9,19,1,8.32,clear sky
664,Brokopondo,SR,4.75,-55.1667,84.99,61,100,8.68,overcast clouds
665,Lucea,JM,18.451,-78.1736,84.85,76,88,18.21,overcast clouds
666,Hammerfest,NO,70.6634,23.6821,30.65,80,75,8.05,broken clouds
667,Nisia Floresta,BR,-6.0911,-35.2086,86.38,69,71,13.96,broken clouds
668,Ambunti,PG,-4.2365,142.8448,73.47,100,96,1.41,overcast clouds
669,Jieshi,CN,22.8134,115.8257,63.95,93,100,15.05,moderate rain
670,Boyabat,TR,41.4689,34.7667,51.66,84,90,5.28,overcast clouds
671,Vestmanna,FO,62.1564,-7.1664,45.52,81,75,14.97,broken clouds
672,Diego De Almagro,CL,-26.3667,-70.05,77.77,17,19,7.52,few clouds
673,Phonhong,LA,18.5007,102.4166,71.94,93,88,2.89,overcast clouds
674,Shelburne,CA,44.0787,-80.2041,55.24,45,100,16.58,overcast clouds
675,Qui Nhon,VN,13.7667,109.2333,77.65,92,100,3.8,overcast clouds
676,Sabha,LY,27.0377,14.4283,80.08,21,1,21.56,clear sky
677,Meulaboh,ID,4.1363,96.1285,77.31,87,100,2.77,overcast clouds
678,Batemans Bay,AU,-35.7167,150.1833,55.09,77,14,4.05,few clouds
679,Burns Lake,CA,54.2331,-125.7533,47.62,60,100,4.68,overcast clouds
680,Zatoka,UA,46.0725,30.4654,54.64,57,38,1.92,scattered clouds
681,Poopo,BO,-18.3667,-66.9667,61.57,18,0,7.09,clear sky
682,Villarrica,PY,-25.75,-56.4333,79.47,71,68,2.66,broken clouds
683,Takaka,NZ,-40.85,172.8,63.55,94,99,5.37,light rain
684,Monastyrshchina,RU,54.3496,31.838,44.22,72,98,4.07,overcast clouds
685,Novyy Urengoy,RU,66.0833,76.6333,22.32,95,100,5.84,overcast clouds
686,Koshurnikovo,RU,54.1667,93.3,48.99,70,99,3.71,overcast clouds
687,Rawson,AR,-43.3002,-65.1023,52.79,53,99,5.23,overcast clouds
688,Kuusamo,FI,65.9667,29.1833,33.84,75,0,4.61,clear sky
689,Liku,ID,-0.7275,119.8922,75.79,89,49,2.73,scattered clouds
690,Sandpoint,US,48.2766,-116.5533,59.02,61,0,5.75,clear sky
691,Yambio,SS,4.5721,28.3955,72.73,74,73,4.68,broken clouds
692,Kotido,UG,2.9806,34.1331,71.55,74,86,6.53,light rain
693,Winnipeg,CA,49.8844,-97.147,38.08,97,100,18.41,overcast clouds
694,Grand Gaube,MU,-20.0064,57.6608,75.6,81,8,3.0,clear sky
695,West Fargo,US,46.875,-96.9004,42.03,82,40,27.63,scattered clouds
696,Zdvinsk,RU,54.7021,78.661,52.16,62,100,10.25,overcast clouds
697,Amga,RU,60.8953,131.9608,27.93,94,13,4.27,few clouds
698,Ziro,IN,27.6333,93.8333,51.35,94,98,0.83,overcast clouds
699,Hailar,CN,49.2,119.7,40.15,38,45,9.13,scattered clouds
700,Ambilobe,MG,-13.2,49.05,74.95,93,36,3.13,scattered clouds
701,Bundu,IN,23.1833,85.5833,82.62,52,69,7.05,broken clouds
702,Kirakira,SB,-10.4544,161.9205,79.25,84,100,4.27,overcast clouds
703,Mahuva,IN,21.0914,71.7622,87.21,65,0,13.18,clear sky
704,Utete,TZ,-7.986,38.758,72.5,95,78,4.12,broken clouds
705,Lubao,PH,14.9167,120.55,85.71,80,100,2.3,overcast clouds
706,Gilbues,BR,-9.8317,-45.3439,92.07,30,32,6.13,scattered clouds
707,Mizdah,LY,31.4451,12.9801,59.59,61,34,20.27,scattered clouds
708,Kalaleh,IR,37.3807,55.4916,60.4,94,100,0.0,mist
709,Dabakala,CI,8.3667,-4.4333,88.77,48,95,3.38,overcast clouds
710,Murici,BR,-9.3067,-35.9433,82.69,69,70,10.38,broken clouds
711,Kaeo,NZ,-35.1,173.7833,59.04,86,96,6.13,light rain
712,Hohhot,CN,40.8106,111.6522,48.49,40,0,4.47,clear sky
713,Nesna,NO,66.1967,13.0213,44.71,93,100,29.12,light rain
714,Asuncion Nochixtlan,MX,17.4667,-97.2333,79.25,29,58,5.41,broken clouds
715,Lompoc,US,34.6391,-120.4579,65.84,63,21,8.99,few clouds
716,Takoradi,GH,4.8845,-1.7554,82.13,78,91,9.64,overcast clouds
717,Jardim,BR,-21.4803,-56.1381,91.45,27,17,5.73,few clouds
718,Simao,CN,22.7886,100.9748,59.38,99,50,3.58,scattered clouds
719,Chingirlau,KZ,51.095,54.0814,44.4,56,40,9.42,scattered clouds
720,Chake Chake,TZ,-5.2459,39.7666,78.42,85,83,13.22,light rain
721,Kasongo-Lunda,CD,-6.4667,16.8167,72.93,80,96,1.19,overcast clouds
722,Teguldet,RU,57.3064,88.1667,37.6,75,100,9.71,overcast clouds
723,Algeciras,ES,36.1333,-5.4505,78.48,38,0,8.05,clear sky
724,Myitkyina,MM,25.3833,97.4,68.77,84,28,2.98,scattered clouds
725,Ust-Kuyga,RU,70.0167,135.6,22.87,92,96,19.53,light snow
726,Namuac,PH,18.6109,121.1657,78.33,86,93,7.7,overcast clouds
727,Dargaville,NZ,-35.9333,173.8833,55.31,93,98,3.67,overcast clouds
728,Komsomolskoye,RU,55.2567,47.5461,38.28,59,43,6.6,scattered clouds
729,Andilamena,MG,-17.0167,48.5833,65.71,97,47,4.16,scattered clouds
730,Sembe,CG,1.6481,14.5806,76.5,78,73,2.93,broken clouds
731,Kangavar,IR,34.5043,47.9653,53.04,81,60,6.33,light rain
732,Manzil Salim,TN,35.8567,8.4765,59.04,62,54,12.93,broken clouds
733,Sosnovo-Ozerskoye,RU,52.5249,111.5418,48.09,60,99,5.73,overcast clouds
734,Waingapu,ID,-9.6567,120.2641,78.51,85,56,9.37,broken clouds
735,Waipawa,NZ,-41.4122,175.5153,56.68,79,72,12.06,broken clouds
736,Bat Yam,IL,32.0231,34.7503,68.05,78,20,6.91,few clouds
737,Bataipora,BR,-22.2953,-53.2711,88.48,40,37,6.11,scattered clouds
738,Kurilsk,RU,45.2333,147.8833,34.32,89,100,12.06,snow
739,Ust-Nera,RU,64.5667,143.2,20.1,97,83,4.72,broken clouds
740,Kibaya,TZ,-5.3,36.5667,58.15,97,45,4.36,scattered clouds
741,Mitsamiouli,KM,-11.3847,43.2844,80.89,74,75,9.22,broken clouds
742,Smithers,CA,54.7804,-127.1743,47.1,66,100,4.09,overcast clouds
743,Kyrksaeterora,NO,63.2906,9.0891,44.28,79,100,12.91,overcast clouds
744,La Plata,AR,-34.9215,-57.9545,64.02,40,1,8.1,clear sky
745,Wilmington Island,US,32.0036,-80.9737,81.09,67,37,11.01,scattered clouds
746,Churapcha,RU,62.0025,132.4325,30.83,89,41,11.34,scattered clouds
747,Hokitika,NZ,-42.7167,170.9667,59.94,87,100,2.77,overcast clouds
748,Amahai,ID,-3.3333,128.9167,78.98,86,90,3.2,overcast clouds
749,Tucuman,AR,-26.8241,-65.2226,66.36,63,89,4.45,overcast clouds
750,Tamandare,BR,-8.7597,-35.1047,82.11,72,36,10.45,scattered clouds
751,Puruaran,MX,19.1,-101.5333,90.14,10,92,4.99,overcast clouds
